"c77dfb8","Tran Quang Cuong","2020-05-25","pull"
"122cbd8","cuongph1196","2020-05-25","updated"
"b71956e","cuongph1196","2020-05-25","pull"
"ae0c728","cuongph1196","2020-05-20","upadate"
"c8c167d","cuongph1196","2020-05-19","update"
"52a814f","cuongph1196","2020-05-14","upadate"
"6580d0a","cuongph1196","2020-05-12","upadate"
"8b47ef1","cuongph1196","2020-05-10","upadate"
"dcdbad5","cuongph1196","2020-05-10","upadate"
"af92ba5","cuongph1196","2020-05-08","upadate"
"c13265d","Tran Quang Cuong","2020-04-18","pull"
"8720fc3","cuongph1196","2020-04-15","update"
"9e77a31","cuongph1196","2020-04-14","update"
"82a64a4","Tran Quang Cuong","2020-04-14","pull"
"51fbc20","Tran Quang Cuong","2020-04-14","pull"
"c7a08fe","cuongph1196","2020-04-13","update"
"02b552a","cuongph1196","2020-04-12","update"
"4dbbbe6","cuongph1196","2020-04-09","Merge branch 'master' of https://github.com/hcdh-2019/lthd-frontend"
"75c365f","cuongph1196","2020-04-09","upadte"
"eaf5f12","Tran Quang Cuong","2020-04-09","push"
"8f35278","Tran Quang Cuong","2020-04-09","update"
"6aae9b2","Tran Quang Cuong","2020-04-08","update api"
"3b6db15","Tran Quang Cuong","2020-04-08","update"
"126b5f7","cuongph1196","2020-04-08","update"
"caa10ae","cuongph1196","2020-04-05","update"
"db25fe9","cuongph1196","2020-04-04","Merge branch 'master' of https://github.com/hcdh-2019/lthd-frontend"
"52985c9","cuongph1196","2020-04-04","lsgd"
"9202447","Tran Quang Cuong","2020-04-04","push"
"d2c2f8c","Tran Quang Cuong","2020-04-01","update pass"
"617f11d","Tran Quang Cuong","2020-04-01","pull"
"79afe3d","Tran Quang Cuong","2020-03-27","push"
"410e748","Tran Quang Cuong","2020-03-26","push"
"20dc103","Tran Quang Cuong","2020-03-25","push"
"994698f","Tran Quang Cuong","2020-03-23","push transfer"
"52a70cb","Tran Quang Cuong","2020-03-23","Merge branch 'master' of https://github.com/hcdh-2019/lthd-frontend"
"a28b9ed","Tran Quang Cuong","2020-03-23","push transfer money"
"5f9174e","cuongph1196","2020-03-22","update"
"f171366","Tran Quang Cuong","2020-03-22","pull"
"b735c24","Tran Quang Cuong","2020-03-22","pull"
"cd59a04","cuongph1196","2020-03-22","update"
"18ecf3e","cuongph1196","2020-03-20","update finish nap tien"
"28a7b16","cuongph1196","2020-03-20","update"
"d2d1da1","cuongph1196","2020-03-19","update"
"70bf65c","cuongph1196","2020-03-17","update"
"27ca69d","Tran Quang Cuong","2020-03-12","push transfer"
"47ea374","Tran Quang Cuong","2020-03-11","push transfer money"
"19c9f08","Tran Quang Cuong","2020-03-11","Merge branch 'master' of https://github.com/hcdh-2019/lthd-frontend"
"ea7201e","Tran Quang Cuong","2020-03-11","push transfer money"
"b0fd563","cuongph1196","2020-03-10","Merge branch 'master' of https://github.com/hcdh-2019/lthd-frontend"
"b287fd1","cuongph1196","2020-03-10","update qlks"
"ea24789","Tran Quang Cuong","2020-03-09","Merge branch 'master' of https://github.com/hcdh-2019/lthd-frontend"
"8074a23","Tran Quang Cuong","2020-03-09","push"
"9ba60a1","cuongph1196","2020-03-09","update"
"3e36021","cuongph1196","2020-03-05","qlks"
"1273b1c","cuongph1196","2020-03-04","created updated"
"15cbbff","cuongph1196","2020-03-03","update qlkh"
"ed196f2","cuongph1196","2020-03-01","update"
"ff5f48b","cuongph1196","2020-02-28","customer"
"146b162","cuongph1196","2020-02-27","customer"
"e9ccd07","Tran Quang Cuong","2020-02-26","Merge branch 'master' of https://github.com/hcdh-2019/lthd-frontend"
"d5bb477","Tran Quang Cuong","2020-02-26","update customer"
"0785a39","cuongph1196","2020-02-26","recaptcha"
"7756652","cuongph1196","2020-02-26","update"
"e678ac1","cuongph1196","2020-02-25","Merge branch 'master' of https://github.com/hcdh-2019/lthd-frontend"
"6143edb","cuongph1196","2020-02-25","recaptcha"
"d0bb241","Tran Quang Cuong","2020-02-25","Merge branch 'master' of https://github.com/hcdh-2019/lthd-frontend"
"46a9fce","Tran Quang Cuong","2020-02-25","push transfer money"
"53a90b7","cuongph1196","2020-02-24","update"
"1da27ef","cuongph1196","2020-02-24","Merge branch 'master' of https://github.com/hcdh-2019/lthd-frontend"
"71190a6","Tran Quang Cuong","2020-02-24","admin@gmail.com / 123456789"
"4fa3bdf","cuongph1196","2020-02-24","update"
"8e5e4a5","Tran Quang Cuong","2020-02-15","push"